Sequence	Position	Probability
CHS1	0	0.0026278760906519594
CHS1	1	0.0014204768355140507
CHS1	2	0.0007474597025129981
CHS1	3	0.000639744798089037
CHS1	4	0.0009531374268779702
CHS1	5	0.0012993948237199904
CHS1	6	0.0013873262812800213
CHS1	7	0.0018586951431139864
CHS1	8	0.0021275845476560473
CHS1	9	0.002285817452015948
CHS1	10	0.0023815408662769544
CHS1	11	0.0024378528100420516
CHS1	12	0.0024702696546190506
CHS1	13	0.0024893932824909815
CHS1	14	0.0025015254229300288
CHS1	15	0.002508744743399016
CHS1	16	0.0025130088992230126
CHS1	17	0.0025156554299089473
CHS1	18	0.0025175637785269656
CHS1	19	0.0025189223394810334
CHS1	20	0.0025201330127799793
CHS1	21	0.0025212048256819664
CHS1	22	0.0025222124037570515
CHS1	23	0.0025228101869340103
CHS1	24	0.0025231483128409504
CHS1	25	0.0025235984051810156
CHS1	26	0.0025235329884549795
CHS1	27	0.002523087430132964
CHS1	28	0.002523129849936967
CHS1	29	0.0025235440426749634
CHS1	30	0.0025236365600650457
CHS1	31	0.0025236553687759677
CHS1	32	0.002523741262056012
CHS1	33	0.0025234176482480386
CHS1	34	0.002523041251864977
CHS1	35	0.002522649101886043
CHS1	36	0.0025224798088470113
CHS1	37	0.0025219918999880298
CHS1	38	0.002521832689871051
CHS1	39	0.0025216882296660303
CHS1	40	0.0025218743944770416
CHS1	41	0.002521926610039027
CHS1	42	0.002521883744664999
CHS1	43	0.0025224450158459755
CHS1	44	0.002522839122581
CHS1	45	0.0025231885092440454
CHS1	46	0.0025235013196139855
CHS1	47	0.002524037345990049
CHS1	48	0.00252430380522195
CHS1	49	0.002524286869822978
CHS1	50	0.002524557263169025
CHS1	51	0.0025246513293289974
CHS1	52	0.002524747681568962
CHS1	53	0.0025251770904359816
CHS1	54	0.0025253305337560317
CHS1	55	0.0025256756357869836
CHS1	56	0.0025263783765030468
CHS1	57	0.0025267151449089864
CHS1	58	0.002526905736737972
CHS1	59	0.002527112353200023
CHS1	60	0.002526792944185008
CHS1	61	0.0025261836363500434
CHS1	62	0.002525775384008
CHS1	63	0.002525121344643999
CHS1	64	0.002523985886648039
CHS1	65	0.0025238723820709685
CHS1	66	0.0025240580319539907
CHS1	67	0.002523832206408949
CHS1	68	0.0025243435802729808
CHS1	69	0.002525216659136964
CHS1	70	0.00252552864941602
CHS1	71	0.0025255626961929734
CHS1	72	0.0025254505449909814
CHS1	73	0.0025243422427300155
CHS1	74	0.0025222604841089735
CHS1	75	0.002519455556467043
CHS1	76	0.002515937408267055
CHS1	77	0.0025100045113040093
CHS1	78	0.0025029184496160317
CHS1	79	0.002498952561152956
CHS1	80	0.0024937289815379904
CHS1	81	0.002477769945451014
CHS1	82	0.0024807250327949504
CHS1	83	0.0025032628180879923
CHS1	84	0.0025161177183790073
CHS1	85	0.002556071379657965
CHS1	86	0.002631727810820994
CHS1	87	0.002697440799033002
CHS1	88	0.0027265791496909886
CHS1	89	0.0027627961079490504
CHS1	90	0.0027592402931859716
CHS1	91	0.002690676960318994
CHS1	92	0.00263121215434603
CHS1	93	0.0025799872750309483
CHS1	94	0.0025238685902719826
CHS1	95	0.002487053202190004
CHS1	96	0.0024756651755359904
CHS1	97	0.0024739727701780234
CHS1	98	0.002485964054354972
CHS1	99	0.0024987794018289655
CHS1	100	0.0025083246071010423
CHS1	101	0.0025163725858710073
CHS1	102	0.0025203626900039966
CHS1	103	0.0025227358501980213
CHS1	104	0.0025237127449090346
CHS1	105	0.002524275614782967
CHS1	106	0.0025245242482779817
CHS1	107	0.0025246831829740524
CHS1	108	0.002525469523928958
CHS1	109	0.002526781769666031
CHS1	110	0.002527712361305001
CHS1	111	0.0025288034125620085
CHS1	112	0.00253020194865905
CHS1	113	0.0025306695603679596
CHS1	114	0.002530611940477989
CHS1	115	0.0025298896852039565
CHS1	116	0.0025281712529380274
CHS1	117	0.0025259270313680027
CHS1	118	0.0025247226927830324
CHS1	119	0.00252339214229802
CHS1	120	0.0025220400142490496
CHS1	121	0.00252366445459995
CHS1	122	0.0025261332962680516
CHS1	123	0.0025276157803939547
CHS1	124	0.002531934198250041
CHS1	125	0.0025384262300599536
CHS1	126	0.0025415249115150473
CHS1	127	0.0025444736335720197
CHS1	128	0.0025513226689449775
CHS1	129	0.002555177750645954
CHS1	130	0.0025535585153509954
CHS1	131	0.002552519304719003
CHS1	132	0.002549757848373968
CHS1	133	0.0025431034065660496
CHS1	134	0.0025364657175429572
CHS1	135	0.00253211974928802
CHS1	136	0.002528399536652959
CHS1	137	0.0025251311406500054
CHS1	138	0.002524184528114981
CHS1	139	0.0025237550321579594
CHS1	140	0.002524182454815005
CHS1	141	0.002524061151302992
CHS1	142	0.002524980110776953
CHS1	143	0.002526010623375985
CHS1	144	0.0025263956862190406
CHS1	145	0.002527823874632018
CHS1	146	0.0025295300254899455
CHS1	147	0.0025303680787720495
CHS1	148	0.002532010719847988
CHS1	149	0.002534677738423974
CHS1	150	0.0025371988632929554
CHS1	151	0.002539772646203975
CHS1	152	0.002542956768562976
CHS1	153	0.002544152861888027
CHS1	154	0.0025430027894269847
CHS1	155	0.0025412511236450053
CHS1	156	0.002537707454627003
CHS1	157	0.0025338634126399473
CHS1	158	0.002531350944783961
CHS1	159	0.002530390979155972
CHS1	160	0.0025297783225900483
CHS1	161	0.0025302112319149916
CHS1	162	0.002531305211945001
CHS1	163	0.0025313001567800475
CHS1	164	0.0025314945717219706
CHS1	165	0.0025317174009039656
CHS1	166	0.002530488028885003
CHS1	167	0.0025293274460820303
CHS1	168	0.0025286618040579745
CHS1	169	0.002527263625209053
CHS1	170	0.0025257543594749965
CHS1	171	0.0025243770646049546
CHS1	172	0.002520227699030042
CHS1	173	0.0025112661831909744
CHS1	174	0.0024996603482030366
CHS1	175	0.002483281980784957
CHS1	176	0.0024444384846149525
CHS1	177	0.0023580053971760107
CHS1	178	0.002236950471776966
CHS1	179	0.0020491608759799496
CHS1	180	0.0014144325930289803
CHS1	181	0.0012772473504589765
CHS1	182	0.0018275791023619758
CHS1	183	0.0034522919755990422
CHS1	184	0.01024639800222904
CHS1	185	0.047443416258237
CNL-11990	0	0.024121427362494008
CNL-11990	1	0.012662582620349028
CNL-11990	2	0.0065237663311960015
CNL-11990	3	0.005918246093266966
CNL-11990	4	0.009111251966571032
CNL-11990	5	0.013396857415292951
CNL-11990	6	0.016770525476283993
CNL-11990	7	0.02540372880949404
CNL-11990	8	0.03261954980679005
CNL-11990	9	0.03901626001667602
CNL-11990	10	0.04385426576406504
CNL-11990	11	0.04389355285888097
CNL-11990	12	0.04307696565081698
CNL-11990	13	0.039622467478447
CNL-11990	14	0.03304158517774203
CNL-11990	15	0.02667512288090801
CNL-11990	16	0.022506903021172975
CNL-11990	17	0.020092945306123045
CNL-11990	18	0.01853731895962596
CNL-11990	19	0.017901719675576966
CNL-11990	20	0.017309470406345007
CNL-11990	21	0.017559201484749987
CNL-11990	22	0.019840964044694043
CNL-11990	23	0.019863550993795
CNL-11990	24	0.020859299562850042
CNL-11990	25	0.03209136473595697
CNL-11990	26	0.07214526411219202
CNL-11990	27	0.08329327227208105
CNL-11990	28	0.10706124091237501
CNL-11990	29	0.17855135788474397
CNL-11990	30	0.22907013534546194
CNL-11990	31	0.25436298008067204
CNL-11990	32	0.2902828535237
CNL-11990	33	0.33810442356916803
CNL-11990	34	0.33108891683499697
CNL-11990	35	0.33037562120839004
CNL-11990	36	0.334871511274755
CNL-11990	37	0.314988557679138
CNL-11990	38	0.282678655500475
CNL-11990	39	0.26837997567595995
CNL-11990	40	0.25419785818127305
CNL-11990	41	0.15690623955355598
CNL-11990	42	0.11194872797845401
CNL-11990	43	0.09421147641213401
CNL-11990	44	0.06563030566760297
CNL-11990	45	0.031398463127359055
CNL-11990	46	0.021834519606196978
CNL-11990	47	0.018491621639947997
CNL-11990	48	0.011922013307752
CNL-11990	49	0.00943282524679201
CNL-11990	50	0.009085911887533049
CNL-11990	51	0.011150632377086023
CNL-11990	52	0.014893623355186958
CNL-11990	53	0.015606822872923032
CNL-11990	54	0.02136977061831702
CNL-11990	55	0.037852918061963
CNL-11990	56	0.043689108395415954
CNL-11990	57	0.05469370500522497
CNL-11990	58	0.08177606471213505
CNL-11990	59	0.11275919621321195
CNL-11990	60	0.11459151327795103
CNL-11990	61	0.11657078619754702
CNL-11990	62	0.11133591864173498
CNL-11990	63	0.07062377018157295
CNL-11990	64	0.04959244501257498
CNL-11990	65	0.040673355196117034
CNL-11990	66	0.032615281570842036
CNL-11990	67	0.019865042083363038
CNL-11990	68	0.016185175682439046
CNL-11990	69	0.015088722053543946
CNL-11990	70	0.012950176853247952
CNL-11990	71	0.012251817994151981
CNL-11990	72	0.012232868399261965
CNL-11990	73	0.012431435885217001
CNL-11990	74	0.012505500688482996
CNL-11990	75	0.012625355301548957
CNL-11990	76	0.012739524810308045
CNL-11990	77	0.012864998991299004
CNL-11990	78	0.012952103525058045
CNL-11990	79	0.01300918695596498
CNL-11990	80	0.013034518256622052
CNL-11990	81	0.013046166411202043
CNL-11990	82	0.013040574538266014
CNL-11990	83	0.012916683754221947
CNL-11990	84	0.012714183180826955
CNL-11990	85	0.012562665328736955
CNL-11990	86	0.012309279330855016
CNL-11990	87	0.011348810923281993
CNL-11990	88	0.011190808072234049
CNL-11990	89	0.013186102000140032
CNL-11990	90	0.012977802536489946
CNL-11990	91	0.015319849497663962
CNL-11990	92	0.031013775246317987
CNL-11990	93	0.07720600430253799
CNL-11990	94	0.08895847109604804
CNL-11990	95	0.11636220449058299
CNL-11990	96	0.18596240832977096
CNL-11990	97	0.20835762970025595
CNL-11990	98	0.23520653669881997
CNL-11990	99	0.29074375104890104
CNL-11990	100	0.36682414409862496
CNL-11990	101	0.373915593074316
CNL-11990	102	0.38271146071085205
CNL-11990	103	0.390538820842548
CNL-11990	104	0.35690425595073205
CNL-11990	105	0.329630748484513
CNL-11990	106	0.314867918430188
CNL-11990	107	0.29396691246194195
CNL-11990	108	0.177670216721303
CNL-11990	109	0.12874713657720604
CNL-11990	110	0.10745643649455705
CNL-11990	111	0.04385801886715701
CNL-11990	112	0.020655266184276044
CNL-11990	113	0.01577248412070098
CNL-11990	114	0.014992850822084014
CNL-11990	115	0.012123955730708014
CNL-11990	116	0.01171319745933097
CNL-11990	117	0.011985039791648
CNL-11990	118	0.012270220336529025
CNL-11990	119	0.012327600894977975
CNL-11990	120	0.01247404857965495
CNL-11990	121	0.012602878158103015
CNL-11990	122	0.012639751232722984
CNL-11990	123	0.012651792937683037
CNL-11990	124	0.012671069556950965
CNL-11990	125	0.012685922204554001
CNL-11990	126	0.01269044800974195
CNL-11990	127	0.012692362233858945
CNL-11990	128	0.012694578775272025
CNL-11990	129	0.012695831676999947
CNL-11990	130	0.012695304844578037
CNL-11990	131	0.012693360718513014
CNL-11990	132	0.012691718692566023
CNL-11990	133	0.012689090762164956
CNL-11990	134	0.012683722956646992
CNL-11990	135	0.012676160652738022
CNL-11990	136	0.01266705476655905
CNL-11990	137	0.012653786136019973
CNL-11990	138	0.01262794198077899
CNL-11990	139	0.012575183103070042
CNL-11990	140	0.012503825714020977
CNL-11990	141	0.012402905059521019
CNL-11990	142	0.012167262532571055
CNL-11990	143	0.011649888418372
CNL-11990	144	0.010919838713512986
CNL-11990	145	0.009792053396911027
CNL-11990	146	0.0065301726474239485
CNL-11990	147	0.005789341487150046
CNL-11990	148	0.008530201711928975
CNL-11990	149	0.01687871197542501
CNL-11990	150	0.052282377945049974
CNL-11990	151	0.25014570466610697
MLA37-1	0	0.048284530057097985
MLA37-1	1	0.026083005664896963
MLA37-1	2	0.013713010994721997
MLA37-1	3	0.011749543230473947
MLA37-1	4	0.01749750227725899
MLA37-1	5	0.023796022131813976
MLA37-1	6	0.025397664752821014
MLA37-1	7	0.034090067186343
MLA37-1	8	0.038746875979627005
MLA37-1	9	0.041349630338958
MLA37-1	10	0.043091141527861976
MLA37-1	11	0.04387848642844305
MLA37-1	12	0.04471817665918998
MLA37-1	13	0.046296836843412015
MLA37-1	14	0.04805521911256505
MLA37-1	15	0.04907537861850397
MLA37-1	16	0.05119452795979795
MLA37-1	17	0.05350130819013299
MLA37-1	18	0.05375814153259295
MLA37-1	19	0.052013542951188985
MLA37-1	20	0.050110131837586946
MLA37-1	21	0.049826574423879055
MLA37-1	22	0.045081642184295
MLA37-1	23	0.04370017745395205
MLA37-1	24	0.05719423714221905
MLA37-1	25	0.10989918563513501
MLA37-1	26	0.12526444619808597
MLA37-1	27	0.17343405675286505
MLA37-1	28	0.35908880104419605
MLA37-1	29	0.42452466467596295
MLA37-1	30	0.5140166583460031
MLA37-1	31	0.680659846958639
MLA37-1	32	0.9287475598741
MLA37-1	33	0.953100426906178
MLA37-1	34	0.9719878256098
MLA37-1	35	0.991944940035879
MLA37-1	36	0.990451375898193
MLA37-1	37	0.990600046486114
MLA37-1	38	0.992531451905996
MLA37-1	39	0.994622986099678
MLA37-1	40	0.979374156345667
MLA37-1	41	0.970944762818256
MLA37-1	42	0.960728601813596
MLA37-1	43	0.85732547424939
MLA37-1	44	0.801604541287977
MLA37-1	45	0.76993378950524
MLA37-1	46	0.733914439590047
MLA37-1	47	0.487490319095078
MLA37-1	48	0.39222293815785103
MLA37-1	49	0.32977951218828205
MLA37-1	50	0.11969240260346403
MLA37-1	51	0.05637264654713603
MLA37-1	52	0.04147984711805497
MLA37-1	53	0.036618212581607024
MLA37-1	54	0.024485636251598053
MLA37-1	55	0.021409578082911995
MLA37-1	56	0.021099556345191006
MLA37-1	57	0.021867918774226003
MLA37-1	58	0.019930878050682055
MLA37-1	59	0.02072876045573402
MLA37-1	60	0.03170797776207501
MLA37-1	61	0.05736700727904498
MLA37-1	62	0.06375697895431298
MLA37-1	63	0.09350304684139799
MLA37-1	64	0.188112544057633
MLA37-1	65	0.210797450969196
MLA37-1	66	0.26298022220763395
MLA37-1	67	0.42012541891215904
MLA37-1	68	0.707792549518885
MLA37-1	69	0.749458338552347
MLA37-1	70	0.797038019524831
MLA37-1	71	0.855092939040795
MLA37-1	72	0.858748419879609
MLA37-1	73	0.870819682167706
MLA37-1	74	0.892359508232402
MLA37-1	75	0.905542719061183
MLA37-1	76	0.876651108772709
MLA37-1	77	0.856651586709516
MLA37-1	78	0.828873785678354
MLA37-1	79	0.5271804642820119
MLA37-1	80	0.35550288306647804
MLA37-1	81	0.297826372734609
MLA37-1	82	0.26376934159044496
MLA37-1	83	0.12374329456800204
MLA37-1	84	0.08194793177177495
MLA37-1	85	0.06977899832535495
MLA37-1	86	0.037194265434119966
MLA37-1	87	0.025089372461476023
MLA37-1	88	0.023151526349085016
MLA37-1	89	0.022845400112010972
MLA37-1	90	0.021753766227526006
MLA37-1	91	0.02177574251205905
MLA37-1	92	0.022209003405700978
MLA37-1	93	0.022443242244883033
MLA37-1	94	0.022454494745160036
MLA37-1	95	0.02254040264888002
MLA37-1	96	0.022630243218246027
MLA37-1	97	0.022684707251782954
MLA37-1	98	0.02272879994638799
MLA37-1	99	0.022752988720229017
MLA37-1	100	0.022765802081693987
MLA37-1	101	0.022771886756712045
MLA37-1	102	0.022756065853761
MLA37-1	103	0.02273491939644101
MLA37-1	104	0.022720409268965014
MLA37-1	105	0.022677250332876042
MLA37-1	106	0.022632889029635006
MLA37-1	107	0.022679418686161967
MLA37-1	108	0.022579643837679964
MLA37-1	109	0.022212612507598983
MLA37-1	110	0.022081610901635962
MLA37-1	111	0.02272535752077398
MLA37-1	112	0.02115585864120595
MLA37-1	113	0.020653908508791008
MLA37-1	114	0.02703855846777503
MLA37-1	115	0.04646016280459497
MLA37-1	116	0.048414718667474044
MLA37-1	117	0.065266293758517
MLA37-1	118	0.13899283057602196
MLA37-1	119	0.16182039044696905
MLA37-1	120	0.22757253656402598
MLA37-1	121	0.46387174574829204
MLA37-1	122	0.92448938172592
MLA37-1	123	0.967646868440595
MLA37-1	124	0.987981438466449
MLA37-1	125	0.99818113636925
MLA37-1	126	0.997652510136135
MLA37-1	127	0.997488862629938
MLA37-1	128	0.997480675684982
MLA37-1	129	0.995747521301343
MLA37-1	130	0.965702974802804
MLA37-1	131	0.93560906225764
MLA37-1	132	0.889970006670142
MLA37-1	133	0.38653655805643194
MLA37-1	134	0.17629523481403797
MLA37-1	135	0.12398326315013497
MLA37-1	136	0.10670465560870201
MLA37-1	137	0.04616239113237797
MLA37-1	138	0.032434100542853006
MLA37-1	139	0.030598591374722983
MLA37-1	140	0.024028211995922977
MLA37-1	141	0.021935682025790992
MLA37-1	142	0.02227852092153204
MLA37-1	143	0.02289049669180898
MLA37-1	144	0.022580333802810992
MLA37-1	145	0.02254833003682999
MLA37-1	146	0.022667565906600018
MLA37-1	147	0.022718387112102945
MLA37-1	148	0.02268913064162903
MLA37-1	149	0.022690813116832964
MLA37-1	150	0.022703012575941983
MLA37-1	151	0.022704122096870005
MLA37-1	152	0.022700621556085987
MLA37-1	153	0.022699858921432003
MLA37-1	154	0.022699918443649048
MLA37-1	155	0.02270149685379197
MLA37-1	156	0.02270324722531103
MLA37-1	157	0.022703071976002964
MLA37-1	158	0.022703464161131004
MLA37-1	159	0.022707446976618972
MLA37-1	160	0.022708173222272032
MLA37-1	161	0.022706208096098024
MLA37-1	162	0.02270773108787405
MLA37-1	163	0.022709166778381973
MLA37-1	164	0.022708570711315046
MLA37-1	165	0.022707362442890955
MLA37-1	166	0.02270922015825705
MLA37-1	167	0.02270689874526699
MLA37-1	168	0.022704185665506027
MLA37-1	169	0.022705653523465985
MLA37-1	170	0.022704109962380037
MLA37-1	171	0.022700317331139974
MLA37-1	172	0.022699169309200018
MLA37-1	173	0.022699610132029036
MLA37-1	174	0.022695858202718022
MLA37-1	175	0.022693462633796013
MLA37-1	176	0.022692165420506005
MLA37-1	177	0.022685489017921
MLA37-1	178	0.022676753101905978
MLA37-1	179	0.02266352048460496
MLA37-1	180	0.022624591949041983
MLA37-1	181	0.02252920547241699
MLA37-1	182	0.022398516167001947
MLA37-1	183	0.022216389085333965
MLA37-1	184	0.021783850259626036
MLA37-1	185	0.020835184558574027
MLA37-1	186	0.01950168717712497
MLA37-1	187	0.017442731210742024
MLA37-1	188	0.011582749372095025
MLA37-1	189	0.010242659903065054
MLA37-1	190	0.015140721061474016
MLA37-1	191	0.030109991555484994
MLA37-1	192	0.09369334458679202
MLA37-1	193	0.44990615203027795
Pid3-A4	0	0.035853664678267005
Pid3-A4	1	0.019376150505825973
Pid3-A4	2	0.010193022657564055
Pid3-A4	3	0.008726055354207007
Pid3-A4	4	0.013024408359072037
Pid3-A4	5	0.017779776011183968
Pid3-A4	6	0.018984274510168042
Pid3-A4	7	0.025455047066964
Pid3-A4	8	0.029163566333462954
Pid3-A4	9	0.031333909630891
Pid3-A4	10	0.03264511484496602
Pid3-A4	11	0.03344411996858798
Pid3-A4	12	0.033925760786498005
Pid3-A4	13	0.03422326942352605
Pid3-A4	14	0.03446057667832303
Pid3-A4	15	0.03461932229157105
Pid3-A4	16	0.03469551896613898
Pid3-A4	17	0.03472574813825302
Pid3-A4	18	0.034670667708236014
Pid3-A4	19	0.03456866473322595
Pid3-A4	20	0.034474833713051045
Pid3-A4	21	0.034391702952413006
Pid3-A4	22	0.03428233134395797
Pid3-A4	23	0.034270777363493043
Pid3-A4	24	0.03439311948886903
Pid3-A4	25	0.034272852897076045
Pid3-A4	26	0.03419445685224298
Pid3-A4	27	0.03463893349783298
Pid3-A4	28	0.035340673855118965
Pid3-A4	29	0.034660148832258986
Pid3-A4	30	0.03535513264351897
Pid3-A4	31	0.04058316259638595
Pid3-A4	32	0.04000811767013901
Pid3-A4	33	0.044189924920307044
Pid3-A4	34	0.07186461696928703
Pid3-A4	35	0.153098343683422
Pid3-A4	36	0.17679888388837195
Pid3-A4	37	0.24425607473656696
Pid3-A4	38	0.468163461409162
Pid3-A4	39	0.532910590186915
Pid3-A4	40	0.6119418965087811
Pid3-A4	41	0.748513171236441
Pid3-A4	42	0.937195741647176
Pid3-A4	43	0.955796768030453
Pid3-A4	44	0.971502277166188
Pid3-A4	45	0.989703094553005
Pid3-A4	46	0.988162300402824
Pid3-A4	47	0.988784547632805
Pid3-A4	48	0.991209307383594
Pid3-A4	49	0.993252110811914
Pid3-A4	50	0.975343467539701
Pid3-A4	51	0.963823586228931
Pid3-A4	52	0.950235987232767
Pid3-A4	53	0.821665537344662
Pid3-A4	54	0.751752627335915
Pid3-A4	55	0.7149889677356069
Pid3-A4	56	0.680040049680655
Pid3-A4	57	0.43825613852371403
Pid3-A4	58	0.346510146788261
Pid3-A4	59	0.2903677403203
Pid3-A4	60	0.10877073275836102
Pid3-A4	61	0.052756614492696974
Pid3-A4	62	0.03947527950260599
Pid3-A4	63	0.034870189710220045
Pid3-A4	64	0.023834177343391993
Pid3-A4	65	0.021527582287310998
Pid3-A4	66	0.020328716999443053
Pid3-A4	67	0.019207125207602038
Pid3-A4	68	0.021532362616461964
Pid3-A4	69	0.02828414889569597
Pid3-A4	70	0.028607818986493005
Pid3-A4	71	0.039368288764279
Pid3-A4	72	0.08250355659714903
Pid3-A4	73	0.09507369535242804
Pid3-A4	74	0.13556501061958903
Pid3-A4	75	0.299496030194233
Pid3-A4	76	0.649093251096851
Pid3-A4	77	0.700332653128516
Pid3-A4	78	0.756369336262422
Pid3-A4	79	0.824813283380032
Pid3-A4	80	0.828113742827138
Pid3-A4	81	0.839183978493493
Pid3-A4	82	0.860504660979658
Pid3-A4	83	0.873150987106612
Pid3-A4	84	0.835753359956639
Pid3-A4	85	0.807926417856244
Pid3-A4	86	0.771199331414335
Pid3-A4	87	0.42420153059574905
Pid3-A4	88	0.246182846566103
Pid3-A4	89	0.19216458095370903
Pid3-A4	90	0.164855218549254
Pid3-A4	91	0.07123181685064905
Pid3-A4	92	0.045382567668804996
Pid3-A4	93	0.03970275458099903
Pid3-A4	94	0.02750807883709705
Pid3-A4	95	0.02215890538287202
Pid3-A4	96	0.021539947250930003
Pid3-A4	97	0.02214125697341196
Pid3-A4	98	0.021979089858376044
Pid3-A4	99	0.022125433093361013
Pid3-A4	100	0.022449040182973
Pid3-A4	101	0.022619535753287012
Pid3-A4	102	0.022620168465098955
Pid3-A4	103	0.02265050405276503
Pid3-A4	104	0.022708627618242994
Pid3-A4	105	0.022726291506674046
Pid3-A4	106	0.022669650410663045
Pid3-A4	107	0.022669363343412963
Pid3-A4	108	0.022885890255355035
Pid3-A4	109	0.022878684768793955
Pid3-A4	110	0.022426940976127963
Pid3-A4	111	0.022623645161416017
Pid3-A4	112	0.024811730277422006
Pid3-A4	113	0.022683367233167995
Pid3-A4	114	0.02297834145466804
Pid3-A4	115	0.04003895969038096
Pid3-A4	116	0.11085477498404495
Pid3-A4	117	0.131682729007484
Pid3-A4	118	0.19488744440914296
Pid3-A4	119	0.42612604014102895
Pid3-A4	120	0.49907541704109004
Pid3-A4	121	0.6210536864299381
Pid3-A4	122	0.809909040442274
Pid3-A4	123	0.988149607955249
Pid3-A4	124	0.997261222776591
Pid3-A4	125	0.999341101832289
Pid3-A4	126	0.99991234018837
Pid3-A4	127	0.999365638772569
Pid3-A4	128	0.999248210035604
Pid3-A4	129	0.999026590738448
Pid3-A4	130	0.997819468190395
Pid3-A4	131	0.973342994234648
Pid3-A4	132	0.942852893976264
Pid3-A4	133	0.892457905943132
Pid3-A4	134	0.34919321926631297
Pid3-A4	135	0.13905545247704798
Pid3-A4	136	0.09036176610973701
Pid3-A4	137	0.07804175142886804
Pid3-A4	138	0.03521525586091401
Pid3-A4	139	0.02570989315746597
Pid3-A4	140	0.02541233690676903
Pid3-A4	141	0.02223673565909201
Pid3-A4	142	0.021434880540825985
Pid3-A4	143	0.022103993161347035
Pid3-A4	144	0.022721689151290025
Pid3-A4	145	0.022557338203820998
Pid3-A4	146	0.022558741392742054
Pid3-A4	147	0.022658148576618964
Pid3-A4	148	0.022707581372914953
Pid3-A4	149	0.022694675622400018
Pid3-A4	150	0.022696437027337035
Pid3-A4	151	0.02270524048520295
Pid3-A4	152	0.02270965301211003
Pid3-A4	153	0.022708404035360008
Pid3-A4	154	0.02270697972132596
Pid3-A4	155	0.02270774796410202
Pid3-A4	156	0.022709768800982966
Pid3-A4	157	0.022709444161332026
Pid3-A4	158	0.022707569467650957
Pid3-A4	159	0.022707362183355007
Pid3-A4	160	0.022706493687805973
Pid3-A4	161	0.022704152873879946
Pid3-A4	162	0.02270325836813203
Pid3-A4	163	0.02270300834111405
Pid3-A4	164	0.02270011805651795
Pid3-A4	165	0.022693957931296027
Pid3-A4	166	0.022688348117115953
Pid3-A4	167	0.022676599882460957
Pid3-A4	168	0.02265735828511395
Pid3-A4	169	0.022635756872416035
Pid3-A4	170	0.022592077986516967
Pid3-A4	171	0.022495560479132037
Pid3-A4	172	0.022366655662830026
Pid3-A4	173	0.022190257343734032
Pid3-A4	174	0.02176081962472798
Pid3-A4	175	0.020818179662007052
Pid3-A4	176	0.019494851507946054
Pid3-A4	177	0.017440500481382015
Pid3-A4	178	0.011582803183118995
Pid3-A4	179	0.010247483273306046
Pid3-A4	180	0.015152885030803032
Pid3-A4	181	0.030127389932534054
Pid3-A4	182	0.093724074680817
Pid3-A4	183	0.449972469444632
Pm5e	0	0.0063615766355530345
Pm5e	1	0.0034391600451589843
Pm5e	2	0.001809657675200027
Pm5e	3	0.001548771051265052
Pm5e	4	0.00230701360283303
Pm5e	5	0.0031444821815740376
Pm5e	6	0.0033573906036290513
Pm5e	7	0.004498715125695996
Pm5e	8	0.005149651619380968
Pm5e	9	0.0055334373309049445
Pm5e	10	0.0057660002124010346
Pm5e	11	0.005902503510450963
Pm5e	12	0.005980813986471989
Pm5e	13	0.006026400634208007
Pm5e	14	0.006055300845312028
Pm5e	15	0.006072125384268046
Pm5e	16	0.006080879743068035
Pm5e	17	0.006085160645434962
Pm5e	18	0.006088206111042993
Pm5e	19	0.006088449279809005
Pm5e	20	0.006081204373333038
Pm5e	21	0.0060694166613279865
Pm5e	22	0.006056435463653975
Pm5e	23	0.006018897189788985
Pm5e	24	0.005958778566740985
Pm5e	25	0.005912848946557969
Pm5e	26	0.005857788607826042
Pm5e	27	0.005651855522673999
Pm5e	28	0.00545726584482098
Pm5e	29	0.005468517405832984
Pm5e	30	0.005204836175603966
Pm5e	31	0.005117243334559984
Pm5e	32	0.005941876902621046
Pm5e	33	0.007907775656049054
Pm5e	34	0.008739073231928018
Pm5e	35	0.01125128496887895
Pm5e	36	0.016561309446209038
Pm5e	37	0.019014543628982028
Pm5e	38	0.02115710088072298
Pm5e	39	0.023476897446622957
Pm5e	40	0.023935501330200948
Pm5e	41	0.020214558454457965
Pm5e	42	0.018009248749708995
Pm5e	43	0.015565432463618967
Pm5e	44	0.010010361586338945
Pm5e	45	0.006969299326521017
Pm5e	46	0.005655425399262004
Pm5e	47	0.004764700895642959
Pm5e	48	0.004033808440896958
Pm5e	49	0.0038752326857860453
Pm5e	50	0.0037687470380729504
Pm5e	51	0.004101789278319945
Pm5e	52	0.005764156590794989
Pm5e	53	0.00647255448835804
Pm5e	54	0.00802061884646399
Pm5e	55	0.014478047097172042
Pm5e	56	0.028311402754499948
Pm5e	57	0.032059922605565006
Pm5e	58	0.03849460948170802
Pm5e	59	0.050843956722596007
Pm5e	60	0.05303962435561904
Pm5e	61	0.05290945018383697
Pm5e	62	0.054966408074254014
Pm5e	63	0.055327642240036945
Pm5e	64	0.045114027748971
Pm5e	65	0.04140872691228403
Pm5e	66	0.03988294130697101
Pm5e	67	0.028675661749548054
Pm5e	68	0.02133072619293297
Pm5e	69	0.019055820562498993
Pm5e	70	0.01681422191965498
Pm5e	71	0.00962141010978601
Pm5e	72	0.0070314208155259905
Pm5e	73	0.006046177061235003
Pm5e	74	0.005031710001200951
Pm5e	75	0.004343306561184979
Pm5e	76	0.004280262275417002
Pm5e	77	0.004317270809293006
Pm5e	78	0.004438882779217002
Pm5e	79	0.0045107379685559446
Pm5e	80	0.004413563247604002
Pm5e	81	0.0042975906135580555
Pm5e	82	0.004323586091005027
Pm5e	83	0.0043200148880649936
Pm5e	84	0.003964629861258007
Pm5e	85	0.004177155023726953
Pm5e	86	0.005530519920672994
Pm5e	87	0.006405337203709949
Pm5e	88	0.007887954468160041
Pm5e	89	0.013065853995440024
Pm5e	90	0.021221530894057983
Pm5e	91	0.024678817485840998
Pm5e	92	0.029577323244896037
Pm5e	93	0.03446102315686195
Pm5e	94	0.03255832540742898
Pm5e	95	0.029411861300450037
Pm5e	96	0.02793447955849504
Pm5e	97	0.02367568609988202
Pm5e	98	0.015900611189789027
Pm5e	99	0.012384018644705952
Pm5e	100	0.010224941071998006
Pm5e	101	0.006803288822458953
Pm5e	102	0.005147721155893015
Pm5e	103	0.004595314291741981
Pm5e	104	0.004288510061405959
Pm5e	105	0.004225018075086018
Pm5e	106	0.004282158994247998
Pm5e	107	0.004352419417741005
Pm5e	108	0.004548921337262035
Pm5e	109	0.004675234817086982
Pm5e	110	0.0047430656011999694
Pm5e	111	0.004777836487715015
Pm5e	112	0.004776294881339016
Pm5e	113	0.004768293887847053
Pm5e	114	0.004687931286383007
Pm5e	115	0.004654663176818952
Pm5e	116	0.0046786800501259496
Pm5e	117	0.004711455018617028
Pm5e	118	0.004566725020441975
Pm5e	119	0.0045211876052380084
Pm5e	120	0.004879072278809016
Pm5e	121	0.00500149080075496
Pm5e	122	0.005301492275417985
Pm5e	123	0.006120959001834958
Pm5e	124	0.007681999261180961
Pm5e	125	0.008515432799208966
Pm5e	126	0.009541637209206977
Pm5e	127	0.010426310382950055
Pm5e	128	0.009986535517595985
Pm5e	129	0.009442196228340971
Pm5e	130	0.009233166608096033
Pm5e	131	0.008776020693939013
Pm5e	132	0.007320908217793964
Pm5e	133	0.006439151875413995
Pm5e	134	0.005789926572661974
Pm5e	135	0.005176896996100022
Pm5e	136	0.004720441641158035
Pm5e	137	0.004543020051035018
Pm5e	138	0.004519654656363947
Pm5e	139	0.00459113775446196
Pm5e	140	0.004672718222325956
Pm5e	141	0.004765463748830023
Pm5e	142	0.004850435794349961
Pm5e	143	0.004898770683741005
Pm5e	144	0.004929010859174965
Pm5e	145	0.0049459771413570275
Pm5e	146	0.004950184065770968
Pm5e	147	0.004944257045941036
Pm5e	148	0.004935861325716995
Pm5e	149	0.004927879846525984
Pm5e	150	0.004913650825802973
Pm5e	151	0.0048884854776120035
Pm5e	152	0.004880276112175008
Pm5e	153	0.004897644034849047
Pm5e	154	0.004882105310012985
Pm5e	155	0.004900306202961002
Pm5e	156	0.005006483502163039
Pm5e	157	0.0051167445042820114
Pm5e	158	0.00517567111987105
Pm5e	159	0.005349410210352956
Pm5e	160	0.005555005261971946
Pm5e	161	0.005576482866423982
Pm5e	162	0.00557234499550896
Pm5e	163	0.005605620967428004
Pm5e	164	0.005526620776060032
Pm5e	165	0.005347128358027975
Pm5e	166	0.005244175741388024
Pm5e	167	0.005124567758722054
Pm5e	168	0.004987417251851034
Pm5e	169	0.004919429958432975
Pm5e	170	0.004885184383709995
Pm5e	171	0.004879834074569045
Pm5e	172	0.004897149956080038
Pm5e	173	0.00491651003622795
Pm5e	174	0.004937038292874951
Pm5e	175	0.004955503903216973
Pm5e	176	0.004965816941063017
Pm5e	177	0.004972732951613046
Pm5e	178	0.004977360301203992
Pm5e	179	0.004978829122821993
Pm5e	180	0.004979453430050018
Pm5e	181	0.00497947430247303
Pm5e	182	0.004979396832148986
Pm5e	183	0.004979267652746033
Pm5e	184	0.0049808572488360126
Pm5e	185	0.004982890073897961
Pm5e	186	0.004983450417274993
Pm5e	187	0.004983081782505949
Pm5e	188	0.004978432118052045
Pm5e	189	0.004962161745902027
Pm5e	190	0.00493728011688499
Pm5e	191	0.004901550941075028
Pm5e	192	0.004815365124360982
Pm5e	193	0.004623636831124989
Pm5e	194	0.004353524943688014
Pm5e	195	0.003936608766046956
Pm5e	196	0.002662752686995007
Pm5e	197	0.00237863511540104
Pm5e	198	0.0034614306162540354
Pm5e	199	0.006717981651459981
Pm5e	200	0.020439402723039013
Pm5e	201	0.09648926220154397
R3b	0	0.06231257508849797
R3b	1	0.033680231568891994
R3b	2	0.017723619022529946
R3b	3	0.015175948758491042
R3b	4	0.022626015782531983
R3b	5	0.03085218378086496
R3b	6	0.032926298480194016
R3b	7	0.04411897165869605
R3b	8	0.05049783800969598
R3b	9	0.05426358611535098
R3b	10	0.05653541775317905
R3b	11	0.05789786073452097
R3b	12	0.058732730200545036
R3b	13	0.059230268920675955
R3b	14	0.059550904357391965
R3b	15	0.05977039388336802
R3b	16	0.05989728399750305
R3b	17	0.059954392493880015
R3b	18	0.059977015297573044
R3b	19	0.059974357147708046
R3b	20	0.05992255381621503
R3b	21	0.059880127558263
R3b	22	0.05985564630595297
R3b	23	0.059791876683018996
R3b	24	0.05971768970119695
R3b	25	0.05961788905451704
R3b	26	0.059458044075755945
R3b	27	0.05922477452441299
R3b	28	0.058739945455604015
R3b	29	0.05775316468970104
R3b	30	0.056325432650394025
R3b	31	0.054476360039874994
R3b	32	0.049953040537187965
R3b	33	0.04419657094475504
R3b	34	0.04374782061528604
R3b	35	0.04913346163557197
R3b	36	0.04885195945549603
R3b	37	0.06445296970514602
R3b	38	0.14343557627123205
R3b	39	0.171582713051173
R3b	40	0.23256141831473998
R3b	41	0.41894769933159504
R3b	42	0.768549386488883
R3b	43	0.822526802474058
R3b	44	0.881032191761476
R3b	45	0.958674161884214
R3b	46	0.964621581158768
R3b	47	0.971729940841396
R3b	48	0.98218760771334
R3b	49	0.994836669800169
R3b	50	0.993588866290285
R3b	51	0.994895641473138
R3b	52	0.997204806155049
R3b	53	0.992858314950706
R3b	54	0.992207806937287
R3b	55	0.993264365896092
R3b	56	0.992421115620487
R3b	57	0.958220638922561
R3b	58	0.924016719596629
R3b	59	0.861763521188145
R3b	60	0.34471387328355896
R3b	61	0.14341229693204105
R3b	62	0.09026110035794699
R3b	63	0.073805739391128
R3b	64	0.03039646595582901
R3b	65	0.020571379190057026
R3b	66	0.018244692144561037
R3b	67	0.014302238491124997
R3b	68	0.01811422402280005
R3b	69	0.033959591449299054
R3b	70	0.03761883947377398
R3b	71	0.05518498516136405
R3b	72	0.13469634792280405
R3b	73	0.21486975046147405
R3b	74	0.286282411569288
R3b	75	0.46846690056386
R3b	76	0.799736377715598
R3b	77	0.848586524617635
R3b	78	0.889631063509616
R3b	79	0.934984896983693
R3b	80	0.961042157575561
R3b	81	0.966442842486014
R3b	82	0.975773333961202
R3b	83	0.987028310765632
R3b	84	0.98198575967728
R3b	85	0.980759338578504
R3b	86	0.981706572429194
R3b	87	0.968787248454016
R3b	88	0.937031910159514
R3b	89	0.908472594585407
R3b	90	0.865496966056578
R3b	91	0.464007330604314
R3b	92	0.262658729379052
R3b	93	0.20126998574516297
R3b	94	0.13759333659066098
R3b	95	0.054768524940567054
R3b	96	0.03545325010665601
R3b	97	0.03271254686609604
R3b	98	0.023175036599588972
R3b	99	0.02041244684981003
R3b	100	0.020960167162274
R3b	101	0.021928395984402993
R3b	102	0.021926128566271963
R3b	103	0.02217209316570501
R3b	104	0.022460080229805945
R3b	105	0.02258962080210103
R3b	106	0.02260962374423503
R3b	107	0.02264589863308497
R3b	108	0.022680224859268017
R3b	109	0.02269599140406897
R3b	110	0.022697823614534984
R3b	111	0.022700067605809005
R3b	112	0.02270207622806597
R3b	113	0.022699272757471967
R3b	114	0.022694958941957055
R3b	115	0.02268743434274101
R3b	116	0.022667600978197977
R3b	117	0.022644821965385975
R3b	118	0.022631640039294965
R3b	119	0.022556914434217035
R3b	120	0.022385596860374002
R3b	121	0.022244509470708995
R3b	122	0.022178285471021963
R3b	123	0.021389288313730992
R3b	124	0.02047234723492697
R3b	125	0.020887503516273997
R3b	126	0.022789599669441052
R3b	127	0.02039371932311096
R3b	128	0.023187303349512023
R3b	129	0.04481806163532498
R3b	130	0.052193779955049036
R3b	131	0.08004522104190304
R3b	132	0.238558119074469
R3b	133	0.67391807612546
R3b	134	0.741683842729657
R3b	135	0.809587306906687
R3b	136	0.886899026403654
R3b	137	0.892939832660074
R3b	138	0.898227586949529
R3b	139	0.912203110806526
R3b	140	0.915978442674337
R3b	141	0.8585829389283259
R3b	142	0.818945673113155
R3b	143	0.774200262689952
R3b	144	0.37547226458894
R3b	145	0.192420458793373
R3b	146	0.14191845157332605
R3b	147	0.120570564970089
R3b	148	0.05127376138004602
R3b	149	0.03464726874403701
R3b	150	0.03181594791810305
R3b	151	0.02479588848388503
R3b	152	0.021931036064437026
R3b	153	0.022044247653597027
R3b	154	0.02253477693855299
R3b	155	0.02238314595714197
R3b	156	0.022413008949300983
R3b	157	0.022585962892524014
R3b	158	0.022674235431294987
R3b	159	0.02266737214521297
R3b	160	0.022678149464592012
R3b	161	0.022695459974665044
R3b	162	0.02269744627987802
R3b	163	0.02268919407518899
R3b	164	0.022678360662022
R3b	165	0.022662670393375994
R3b	166	0.02263860049076505
R3b	167	0.02259112864143098
R3b	168	0.02249267191443305
R3b	169	0.022360818762113044
R3b	170	0.02217745315884201
R3b	171	0.021746955793586986
R3b	172	0.020804298067191973
R3b	173	0.019476832879167016
R3b	174	0.01742510494171101
R3b	175	0.011574002371688041
R3b	176	0.010238543823772983
R3b	177	0.015138893380316043
R3b	178	0.030112222303328995
R3b	179	0.09370878388346504
R3b	180	0.44995489090811003
Rpi-amr3-3408	0	0.042230070793987995
Rpi-amr3-3408	1	0.02070945157313797
Rpi-amr3-3408	2	0.011731357649005014
Rpi-amr3-3408	3	0.016006743018763037
Rpi-amr3-3408	4	0.027032497330532035
Rpi-amr3-3408	5	0.04892932529488303
Rpi-amr3-3408	6	0.08765507559800301
Rpi-amr3-3408	7	0.14187381368517304
Rpi-amr3-3408	8	0.170905590128973
Rpi-amr3-3408	9	0.20118299615268098
Rpi-amr3-3408	10	0.22552267683758098
Rpi-amr3-3408	11	0.202456675817134
Rpi-amr3-3408	12	0.18788308017330602
Rpi-amr3-3408	13	0.17240447112118895
Rpi-amr3-3408	14	0.13105506495984498
Rpi-amr3-3408	15	0.08462984990455102
Rpi-amr3-3408	16	0.06189087345581401
Rpi-amr3-3408	17	0.047751224174995
Rpi-amr3-3408	18	0.031340794235707015
Rpi-amr3-3408	19	0.026142816198833962
Rpi-amr3-3408	20	0.026245942222182017
Rpi-amr3-3408	21	0.025971219608368012
Rpi-amr3-3408	22	0.026575864027930995
Rpi-amr3-3408	23	0.029829204981660973
Rpi-amr3-3408	24	0.03252029929596101
Rpi-amr3-3408	25	0.03302521172224704
Rpi-amr3-3408	26	0.04383255591742097
Rpi-amr3-3408	27	0.08602018806380796
Rpi-amr3-3408	28	0.09838421141417997
Rpi-amr3-3408	29	0.12928606445351798
Rpi-amr3-3408	30	0.23914288805759598
Rpi-amr3-3408	31	0.44914811630638596
Rpi-amr3-3408	32	0.5004408303316841
Rpi-amr3-3408	33	0.5727191954063551
Rpi-amr3-3408	34	0.690956665623103
Rpi-amr3-3408	35	0.7057471261539761
Rpi-amr3-3408	36	0.719006956980559
Rpi-amr3-3408	37	0.738215354897517
Rpi-amr3-3408	38	0.741207069418249
Rpi-amr3-3408	39	0.683588249737177
Rpi-amr3-3408	40	0.6538833986649619
Rpi-amr3-3408	41	0.624013268410772
Rpi-amr3-3408	42	0.40386258833461
Rpi-amr3-3408	43	0.28818731439221
Rpi-amr3-3408	44	0.24585065677282203
Rpi-amr3-3408	45	0.20850128452996897
Rpi-amr3-3408	46	0.09573541705285904
Rpi-amr3-3408	47	0.06284982256055904
Rpi-amr3-3408	48	0.051860645979521
Rpi-amr3-3408	49	0.029211108712693945
Rpi-amr3-3408	50	0.02077823664962497
Rpi-amr3-3408	51	0.01986885058476795
Rpi-amr3-3408	52	0.023116429702963015
Rpi-amr3-3408	53	0.021762403128813945
Rpi-amr3-3408	54	0.02397376112746996
Rpi-amr3-3408	55	0.043050099364068006
Rpi-amr3-3408	56	0.099493917211402
Rpi-amr3-3408	57	0.11504907162793798
Rpi-amr3-3408	58	0.163222870344919
Rpi-amr3-3408	59	0.30815965958582103
Rpi-amr3-3408	60	0.348921859501512
Rpi-amr3-3408	61	0.41494500383225597
Rpi-amr3-3408	62	0.541372976536348
Rpi-amr3-3408	63	0.663530964285826
Rpi-amr3-3408	64	0.6667106506153531
Rpi-amr3-3408	65	0.6673942498030949
Rpi-amr3-3408	66	0.6526575261180481
Rpi-amr3-3408	67	0.458844708573405
Rpi-amr3-3408	68	0.36148186575033603
Rpi-amr3-3408	69	0.32216222519454696
Rpi-amr3-3408	70	0.289859490749359
Rpi-amr3-3408	71	0.16353903055792396
Rpi-amr3-3408	72	0.121572659461474
Rpi-amr3-3408	73	0.10440253620958695
Rpi-amr3-3408	74	0.05072686241893798
Rpi-amr3-3408	75	0.03118193116655099
Rpi-amr3-3408	76	0.026902918868958015
Rpi-amr3-3408	77	0.025570613475833004
Rpi-amr3-3408	78	0.022045472187114945
Rpi-amr3-3408	79	0.02131616618712895
Rpi-amr3-3408	80	0.021477151367013003
Rpi-amr3-3408	81	0.021673193550502012
Rpi-amr3-3408	82	0.021743952943208966
Rpi-amr3-3408	83	0.021929686433879048
Rpi-amr3-3408	84	0.022082482233238054
Rpi-amr3-3408	85	0.022174618113497968
Rpi-amr3-3408	86	0.022229126118679998
Rpi-amr3-3408	87	0.022025255973160962
Rpi-amr3-3408	88	0.021706204384175032
Rpi-amr3-3408	89	0.021714659108348022
Rpi-amr3-3408	90	0.021606032257734054
Rpi-amr3-3408	91	0.01994261155858601
Rpi-amr3-3408	92	0.02099374683212396
Rpi-amr3-3408	93	0.02894597507883301
Rpi-amr3-3408	94	0.029577212819011045
Rpi-amr3-3408	95	0.038740408737096055
Rpi-amr3-3408	96	0.09564649803230196
Rpi-amr3-3408	97	0.259414520533507
Rpi-amr3-3408	98	0.29520050563879496
Rpi-amr3-3408	99	0.368539518875194
Rpi-amr3-3408	100	0.5341944359016431
Rpi-amr3-3408	101	0.56748640551602
Rpi-amr3-3408	102	0.621337799389195
Rpi-amr3-3408	103	0.73502472557718
Rpi-amr3-3408	104	0.894233259309239
Rpi-amr3-3408	105	0.910884406536882
Rpi-amr3-3408	106	0.925382003293902
Rpi-amr3-3408	107	0.93845638269736
Rpi-amr3-3408	108	0.922976822592471
Rpi-amr3-3408	109	0.912596735899541
Rpi-amr3-3408	110	0.907327139101648
Rpi-amr3-3408	111	0.894204135875647
Rpi-amr3-3408	112	0.753656306494643
Rpi-amr3-3408	113	0.669949800417599
Rpi-amr3-3408	114	0.603071690403409
Rpi-amr3-3408	115	0.21029526414019695
Rpi-amr3-3408	116	0.08360179978169702
Rpi-amr3-3408	117	0.057249015952481996
Rpi-amr3-3408	118	0.05055310443456096
Rpi-amr3-3408	119	0.028201393386221962
Rpi-amr3-3408	120	0.02310986384019298
Rpi-amr3-3408	121	0.02303946464860096
Rpi-amr3-3408	122	0.022383057258308026
Rpi-amr3-3408	123	0.021743214176096037
Rpi-amr3-3408	124	0.022028539908305
Rpi-amr3-3408	125	0.022363992622929985
Rpi-amr3-3408	126	0.022298101598397957
Rpi-amr3-3408	127	0.02225461957770203
Rpi-amr3-3408	128	0.022294427874590017
Rpi-amr3-3408	129	0.02232353479314797
Rpi-amr3-3408	130	0.022315509591733007
Rpi-amr3-3408	131	0.022313110183679985
Rpi-amr3-3408	132	0.022318185042264016
Rpi-amr3-3408	133	0.02231779818933899
Rpi-amr3-3408	134	0.02231203258791903
Rpi-amr3-3408	135	0.022308375122151003
Rpi-amr3-3408	136	0.02230422588525205
Rpi-amr3-3408	137	0.02229260258562904
Rpi-amr3-3408	138	0.022276800215276005
Rpi-amr3-3408	139	0.022255599549330984
Rpi-amr3-3408	140	0.022208316768739023
Rpi-amr3-3408	141	0.022110298158665054
Rpi-amr3-3408	142	0.02198025081363597
Rpi-amr3-3408	143	0.021798651945699965
Rpi-amr3-3408	144	0.02137353271793796
Rpi-amr3-3408	145	0.020447463025892954
Rpi-amr3-3408	146	0.01914261948582696
Rpi-amr3-3408	147	0.017124340572233998
Rpi-amr3-3408	148	0.011375283668420999
Rpi-amr3-3408	149	0.010064626699489043
Rpi-amr3-3408	150	0.014881633865270971
Rpi-amr3-3408	151	0.029600069380980032
Rpi-amr3-3408	152	0.09210401219097597
Rpi-amr3-3408	153	0.44211487415636297
Rpi-chc1.1	0	0.03913673795877004
Rpi-chc1.1	1	0.02116217011453503
Rpi-chc1.1	2	0.011131802455528028
Rpi-chc1.1	3	0.009513509879880977
Rpi-chc1.1	4	0.01415009410204704
Rpi-chc1.1	5	0.019277291490601978
Rpi-chc1.1	6	0.02058172719629703
Rpi-chc1.1	7	0.027569236276271947
Rpi-chc1.1	8	0.03157221135198496
Rpi-chc1.1	9	0.033932992526631955
Rpi-chc1.1	10	0.03536495806270301
Rpi-chc1.1	11	0.03620684547077402
Rpi-chc1.1	12	0.03669075025186597
Rpi-chc1.1	13	0.03697836641271701
Rpi-chc1.1	14	0.037161552060063
Rpi-chc1.1	15	0.03726754648424502
Rpi-chc1.1	16	0.037334349376134
Rpi-chc1.1	17	0.037376765536792034
Rpi-chc1.1	18	0.03740071994997296
Rpi-chc1.1	19	0.037418927983631
Rpi-chc1.1	20	0.037435027058213
Rpi-chc1.1	21	0.037446647803775046
Rpi-chc1.1	22	0.03745300221625203
Rpi-chc1.1	23	0.03745730695913396
Rpi-chc1.1	24	0.03746143058467899
Rpi-chc1.1	25	0.03746102342090096
Rpi-chc1.1	26	0.03746075473617405
Rpi-chc1.1	27	0.03746196677507596
Rpi-chc1.1	28	0.03746500997691704
Rpi-chc1.1	29	0.037469384228278946
Rpi-chc1.1	30	0.03747407020226701
Rpi-chc1.1	31	0.037479179525228945
Rpi-chc1.1	32	0.037480046799610034
Rpi-chc1.1	33	0.03748008266637903
Rpi-chc1.1	34	0.037482671829414005
Rpi-chc1.1	35	0.03748328724901295
Rpi-chc1.1	36	0.03748359822700498
Rpi-chc1.1	37	0.03748140907809705
Rpi-chc1.1	38	0.03748041674020797
Rpi-chc1.1	39	0.037477209750685025
Rpi-chc1.1	40	0.03746891902251903
Rpi-chc1.1	41	0.03745649339381096
Rpi-chc1.1	42	0.03744015900832798
Rpi-chc1.1	43	0.03741637517003005
Rpi-chc1.1	44	0.037371466171168044
Rpi-chc1.1	45	0.03729137287939799
Rpi-chc1.1	46	0.03717372448348999
Rpi-chc1.1	47	0.03700817748232599
Rpi-chc1.1	48	0.036685401790607974
Rpi-chc1.1	49	0.036196394580782054
Rpi-chc1.1	50	0.03578811877223398
Rpi-chc1.1	51	0.03540994902573602
Rpi-chc1.1	52	0.034366121209229994
Rpi-chc1.1	53	0.03323995525837398
Rpi-chc1.1	54	0.03361048701663405
Rpi-chc1.1	55	0.033078064486227965
Rpi-chc1.1	56	0.03395319604045499
Rpi-chc1.1	57	0.039052221761783024
Rpi-chc1.1	58	0.04645142649715095
Rpi-chc1.1	59	0.05185375019931404
Rpi-chc1.1	60	0.06348814138400605
Rpi-chc1.1	61	0.079947418545955
Rpi-chc1.1	62	0.08284071471083998
Rpi-chc1.1	63	0.08324537931500997
Rpi-chc1.1	64	0.08221212221837004
Rpi-chc1.1	65	0.073747772288834
Rpi-chc1.1	66	0.059764731960240014
Rpi-chc1.1	67	0.052582725222645954
Rpi-chc1.1	68	0.04786216399507903
Rpi-chc1.1	69	0.03621804145254104
Rpi-chc1.1	70	0.031946891943732014
Rpi-chc1.1	71	0.044989259376898016
Rpi-chc1.1	72	0.09542458095707196
Rpi-chc1.1	73	0.111225049366797
Rpi-chc1.1	74	0.17233001547112403
Rpi-chc1.1	75	0.399594103160987
Rpi-chc1.1	76	0.46617583509093596
Rpi-chc1.1	77	0.559270001970853
Rpi-chc1.1	78	0.728698999506421
Rpi-chc1.1	79	0.946333099988941
Rpi-chc1.1	80	0.967611060117238
Rpi-chc1.1	81	0.982467813772143
Rpi-chc1.1	82	0.995676379887435
Rpi-chc1.1	83	0.995253941380508
Rpi-chc1.1	84	0.995904693110024
Rpi-chc1.1	85	0.997378587335547
Rpi-chc1.1	86	0.999248736513878
Rpi-chc1.1	87	0.997416698068756
Rpi-chc1.1	88	0.996811707654669
Rpi-chc1.1	89	0.996569953061348
Rpi-chc1.1	90	0.980769252358619
Rpi-chc1.1	91	0.971010021977363
Rpi-chc1.1	92	0.965034098162366
Rpi-chc1.1	93	0.953442107901696
Rpi-chc1.1	94	0.815128153908762
Rpi-chc1.1	95	0.729076386849549
Rpi-chc1.1	96	0.647635951557179
Rpi-chc1.1	97	0.19670657907939004
Rpi-chc1.1	98	0.072420832282029
Rpi-chc1.1	99	0.048340339688699996
Rpi-chc1.1	100	0.04208471993246099
Rpi-chc1.1	101	0.023010421745320975
Rpi-chc1.1	102	0.019654889607870984
Rpi-chc1.1	103	0.018226859531896955
Rpi-chc1.1	104	0.01711706503042898
Rpi-chc1.1	105	0.026916557155773013
Rpi-chc1.1	106	0.061508125162225036
Rpi-chc1.1	107	0.07033416926653802
Rpi-chc1.1	108	0.10261350619295095
Rpi-chc1.1	109	0.225061532470342
Rpi-chc1.1	110	0.26737503742006796
Rpi-chc1.1	111	0.350970381560483
Rpi-chc1.1	112	0.5551683993405601
Rpi-chc1.1	113	0.9131837075891001
Rpi-chc1.1	114	0.953424895218511
Rpi-chc1.1	115	0.977263201206748
Rpi-chc1.1	116	0.994726435804964
Rpi-chc1.1	117	0.995943579626504
Rpi-chc1.1	118	0.997196547157807
Rpi-chc1.1	119	0.998428516110194
Rpi-chc1.1	120	0.999421965203027
Rpi-chc1.1	121	0.997847730626475
Rpi-chc1.1	122	0.996544448078893
Rpi-chc1.1	123	0.993466666612982
Rpi-chc1.1	124	0.935385585436697
Rpi-chc1.1	125	0.875150844224008
Rpi-chc1.1	126	0.828279486579983
Rpi-chc1.1	127	0.771233312562404
Rpi-chc1.1	128	0.405518175766167
Rpi-chc1.1	129	0.26515085651150305
Rpi-chc1.1	130	0.21639269861117505
Rpi-chc1.1	131	0.07951979158730105
Rpi-chc1.1	132	0.03527814716341504
Rpi-chc1.1	133	0.027668810068632976
Rpi-chc1.1	134	0.02736712301926303
Rpi-chc1.1	135	0.022297322997294033
Rpi-chc1.1	136	0.02169223790027197
Rpi-chc1.1	137	0.022430482256436957
Rpi-chc1.1	138	0.022693927834179006
Rpi-chc1.1	139	0.02245262892272204
Rpi-chc1.1	140	0.022531934592253
Rpi-chc1.1	141	0.02265965610491305
Rpi-chc1.1	142	0.022673587784276972
Rpi-chc1.1	143	0.022643869476742018
Rpi-chc1.1	144	0.022616237548367946
Rpi-chc1.1	145	0.022588983847068977
Rpi-chc1.1	146	0.02259745348596498
Rpi-chc1.1	147	0.02246514655802101
Rpi-chc1.1	148	0.022104321964371954
Rpi-chc1.1	149	0.021869256798160985
Rpi-chc1.1	150	0.02208384195296298
Rpi-chc1.1	151	0.02047455584358604
Rpi-chc1.1	152	0.019514799772059055
Rpi-chc1.1	153	0.02318245422035603
Rpi-chc1.1	154	0.036856285001993006
Rpi-chc1.1	155	0.03833998831012697
Rpi-chc1.1	156	0.05213092173927403
Rpi-chc1.1	157	0.11150043753439298
Rpi-chc1.1	158	0.13154276147452104
Rpi-chc1.1	159	0.19390419231990297
Rpi-chc1.1	160	0.41409792481928
Rpi-chc1.1	161	0.908053041046034
Rpi-chc1.1	162	0.962410578167756
Rpi-chc1.1	163	0.987152341346571
Rpi-chc1.1	164	0.998930043910107
Rpi-chc1.1	165	0.999291974900683
Rpi-chc1.1	166	0.99959252508658
Rpi-chc1.1	167	0.999804240887986
Rpi-chc1.1	168	0.999916370105626
Rpi-chc1.1	169	0.998591395518106
Rpi-chc1.1	170	0.996043779617688
Rpi-chc1.1	171	0.985670467845559
Rpi-chc1.1	172	0.715469936285346
Rpi-chc1.1	173	0.5254960876860659
Rpi-chc1.1	174	0.44551701376435204
Rpi-chc1.1	175	0.39537696550884205
Rpi-chc1.1	176	0.18413943388778997
Rpi-chc1.1	177	0.12788472001205198
Rpi-chc1.1	178	0.10993815358242598
Rpi-chc1.1	179	0.044251922373161
Rpi-chc1.1	180	0.02762506827519795
Rpi-chc1.1	181	0.025765722347828035
Rpi-chc1.1	182	0.02577358267424501
Rpi-chc1.1	183	0.02292861293044901
Rpi-chc1.1	184	0.022619556731715007
Rpi-chc1.1	185	0.02296094384062497
Rpi-chc1.1	186	0.022961999816905054
Rpi-chc1.1	187	0.022714914914241047
Rpi-chc1.1	188	0.022708350150201007
Rpi-chc1.1	189	0.022747853475114987
Rpi-chc1.1	190	0.022731418934881953
Rpi-chc1.1	191	0.022702900092589018
Rpi-chc1.1	192	0.02269810660535798
Rpi-chc1.1	193	0.02269720142109699
Rpi-chc1.1	194	0.02269052271727101
Rpi-chc1.1	195	0.02268213452953305
Rpi-chc1.1	196	0.02267286834318405
Rpi-chc1.1	197	0.022657990841868036
Rpi-chc1.1	198	0.022636213096369984
Rpi-chc1.1	199	0.022591084566948028
Rpi-chc1.1	200	0.022493435551255048
Rpi-chc1.1	201	0.022361774474915053
Rpi-chc1.1	202	0.022179555934167983
Rpi-chc1.1	203	0.021752064152323003
Rpi-chc1.1	204	0.020811312531096027
Rpi-chc1.1	205	0.019485442350294035
Rpi-chc1.1	206	0.017432445400027974
Rpi-chc1.1	207	0.011580002271386003
Rpi-chc1.1	208	0.010245557150829976
Rpi-chc1.1	209	0.015149298464465999
Rpi-chc1.1	210	0.030130995715700992
Rpi-chc1.1	211	0.09374875503943603
Rpi-chc1.1	212	0.45002817650328397
RPP39	0	0.05302100006823596
RPP39	1	0.028650281164876
RPP39	2	0.01507236376925003
RPP39	3	0.012909686063100945
RPP39	4	0.019252804499901965
RPP39	5	0.026252283299511014
RPP39	6	0.02802927962325097
RPP39	7	0.03757831090249297
RPP39	8	0.04300410894319895
RPP39	9	0.04620082671140002
RPP39	10	0.048136613798170025
RPP39	11	0.049274728018026015
RPP39	12	0.049929021340406
RPP39	13	0.05031514808006099
RPP39	14	0.05055921833457899
RPP39	15	0.050706373225529955
RPP39	16	0.050802176839932045
RPP39	17	0.05082828012057905
RPP39	18	0.05082803573282901
RPP39	19	0.05084591658915205
RPP39	20	0.050803247992976974
RPP39	21	0.050488088642220985
RPP39	22	0.050139895964910974
RPP39	23	0.05014265443969601
RPP39	24	0.04845495249876697
RPP39	25	0.046612848132855045
RPP39	26	0.04660783737192098
RPP39	27	0.052379242794246994
RPP39	28	0.04963976566745698
RPP39	29	0.05384987333126101
RPP39	30	0.09720955632696104
RPP39	31	0.11842936649621905
RPP39	32	0.17170038488956696
RPP39	33	0.34067023852006195
RPP39	34	0.845534043644247
RPP39	35	0.922690189925483
RPP39	36	0.964201428650425
RPP39	37	0.996448489359066
RPP39	38	0.997981038933178
RPP39	39	0.99860455653523
RPP39	40	0.998846710368589
RPP39	41	0.99983989934956
RPP39	42	0.999329320626564
RPP39	43	0.99944388620447
RPP39	44	0.999880637675215
RPP39	45	0.999194665004051
RPP39	46	0.99937260432732
RPP39	47	0.999429613118888
RPP39	48	0.999871398825206
RPP39	49	0.998962764563065
RPP39	50	0.998143086349651
RPP39	51	0.99495274919516
RPP39	52	0.930400330731776
RPP39	53	0.880998097962818
RPP39	54	0.834796807430206
RPP39	55	0.782943082446651
RPP39	56	0.445500660272937
RPP39	57	0.31698663453496
RPP39	58	0.25402361136345897
RPP39	59	0.08601998289560397
RPP39	60	0.03976493461633901
RPP39	61	0.03079961153658295
RPP39	62	0.029739845507915974
RPP39	63	0.022132915756501004
RPP39	64	0.021263797500235992
RPP39	65	0.022714833150300984
RPP39	66	0.020973306971488026
RPP39	67	0.019748864340062955
RPP39	68	0.02776560876827705
RPP39	69	0.05212729169306496
RPP39	70	0.055803277643795
RPP39	71	0.07342603455263896
RPP39	72	0.14470956614194996
RPP39	73	0.16850518423788197
RPP39	74	0.22710959750237802
RPP39	75	0.41216319064236695
RPP39	76	0.8654047333488171
RPP39	77	0.929236461887572
RPP39	78	0.967966792659789
RPP39	79	0.995792585001295
RPP39	80	0.997777103161875
RPP39	81	0.999000427371334
RPP39	82	0.999513380206429
RPP39	83	0.999372341283013
RPP39	84	0.989718293991269
RPP39	85	0.974412335277378
RPP39	86	0.934864546811398
RPP39	87	0.38523691967682805
RPP39	88	0.14984420577839297
RPP39	89	0.092911107582753
RPP39	90	0.07760445470015898
RPP39	91	0.03416183822458996
RPP39	92	0.02434515121919001
RPP39	93	0.02424037967756998
RPP39	94	0.021371506492307013
RPP39	95	0.02105129480406298
RPP39	96	0.021932016546697963
RPP39	97	0.022652820510697946
RPP39	98	0.02249774151594397
RPP39	99	0.022514291504795003
RPP39	100	0.02261208626260003
RPP39	101	0.022656470811123985
RPP39	102	0.022645179336104992
RPP39	103	0.022596374235751004
RPP39	104	0.022481022789703986
RPP39	105	0.02241081424494895
RPP39	106	0.02244273167556199
RPP39	107	0.021787336472310015
RPP39	108	0.021093143156446947
RPP39	109	0.021538783794436966
RPP39	110	0.02346181316681195
RPP39	111	0.021128813293388005
RPP39	112	0.023129527719483955
RPP39	113	0.042713819741045045
RPP39	114	0.04918416224265798
RPP39	115	0.07788244534357602
RPP39	116	0.22567574772306598
RPP39	117	0.7292342989966409
RPP39	118	0.821352020460437
RPP39	119	0.895860989969639
RPP39	120	0.966128370503383
RPP39	121	0.974123601617727
RPP39	122	0.980413647749542
RPP39	123	0.98535852074148
RPP39	124	0.985187097410351
RPP39	125	0.951265155741594
RPP39	126	0.918773496788463
RPP39	127	0.874299251905989
RPP39	128	0.42115471538011595
RPP39	129	0.19496190646269596
RPP39	130	0.133875395286692
RPP39	131	0.11347661795330499
RPP39	132	0.04564990215382603
RPP39	133	0.029966439519297006
RPP39	134	0.028028120567854975
RPP39	135	0.022999332207194967
RPP39	136	0.02129714925009496
RPP39	137	0.021906805876804047
RPP39	138	0.022668805668969005
RPP39	139	0.02250521299043995
RPP39	140	0.022480589302830034
RPP39	141	0.022587016711565044
RPP39	142	0.022633798137634997
RPP39	143	0.022573468561134957
RPP39	144	0.022478740962709964
RPP39	145	0.022361908698941946
RPP39	146	0.022184985302333038
RPP39	147	0.02175411804109495
RPP39	148	0.020811382821040003
RPP39	149	0.019483091102359018
RPP39	150	0.017428803468588994
RPP39	151	0.011573789232343978
RPP39	152	0.010235108987632024
RPP39	153	0.015131889960940947
RPP39	154	0.03009861124748603
RPP39	155	0.09367285888338295
RPP39	156	0.44987289361805205
Sr13d	0	0.043643848630341986
Sr13d	1	0.023588967246019
Sr13d	2	0.012411025520033037
Sr13d	3	0.010610136356267952
Sr13d	4	0.015787702314464025
Sr13d	5	0.021517418292129054
Sr13d	6	0.02290874955516997
Sr13d	7	0.03062769300952395
Sr13d	8	0.035115694856219015
Sr13d	9	0.037795617111374025
Sr13d	10	0.03923108661266195
Sr13d	11	0.040129310808401986
Sr13d	12	0.04087063176961203
Sr13d	13	0.04088467706768695
Sr13d	14	0.040796762792498
Sr13d	15	0.04134416171339095
Sr13d	16	0.04200945234857101
Sr13d	17	0.04199849486643403
Sr13d	18	0.04410123205094696
Sr13d	19	0.047157585248365
Sr13d	20	0.0478286525678
Sr13d	21	0.048994714893285995
Sr13d	22	0.05115798209355105
Sr13d	23	0.051606549889312014
Sr13d	24	0.04849291190216498
Sr13d	25	0.04635069751992604
Sr13d	26	0.045969686574865
Sr13d	27	0.041520385909080026
Sr13d	28	0.041118943523118956
Sr13d	29	0.052317226221817004
Sr13d	30	0.09608313204381402
Sr13d	31	0.10756994616218096
Sr13d	32	0.14165747650813199
Sr13d	33	0.278105781599152
Sr13d	34	0.329799531531367
Sr13d	35	0.41106622586959296
Sr13d	36	0.573695561088707
Sr13d	37	0.914778756436483
Sr13d	38	0.95427282301841
Sr13d	39	0.977690444548067
Sr13d	40	0.996769879908446
Sr13d	41	0.997061235895489
Sr13d	42	0.997795613534117
Sr13d	43	0.998384246182271
Sr13d	44	0.999652301143324
Sr13d	45	0.998148365090198
Sr13d	46	0.997667106654803
Sr13d	47	0.997178563299558
Sr13d	48	0.982485691386295
Sr13d	49	0.973548996509638
Sr13d	50	0.964130258094363
Sr13d	51	0.95090258113355
Sr13d	52	0.814045998038751
Sr13d	53	0.730926032291491
Sr13d	54	0.646930228492745
Sr13d	55	0.25745896743419705
Sr13d	56	0.111819218173839
Sr13d	57	0.07412015106917103
Sr13d	58	0.062405760750574024
Sr13d	59	0.029786720241626985
Sr13d	60	0.022784408346711027
Sr13d	61	0.02176837290238498
Sr13d	62	0.019122869723267044
Sr13d	63	0.018497360107871952
Sr13d	64	0.023497710612346956
Sr13d	65	0.032760406566219036
Sr13d	66	0.03391541311627899
Sr13d	67	0.04723064358814799
Sr13d	68	0.09130547208040996
Sr13d	69	0.102396686489308
Sr13d	70	0.13155407106850203
Sr13d	71	0.24278172548676002
Sr13d	72	0.487326022140787
Sr13d	73	0.534640853514995
Sr13d	74	0.603435931546155
Sr13d	75	0.702231267308867
Sr13d	76	0.7226459313068581
Sr13d	77	0.751465422325421
Sr13d	78	0.799706606548358
Sr13d	79	0.833736723326474
Sr13d	80	0.813587135159186
Sr13d	81	0.800919507867636
Sr13d	82	0.781583700319023
Sr13d	83	0.546021082694635
Sr13d	84	0.38622787206810305
Sr13d	85	0.324633979359526
Sr13d	86	0.28090509050926904
Sr13d	87	0.12206737408839896
Sr13d	88	0.07547624714844203
Sr13d	89	0.06301138511745696
Sr13d	90	0.03418351365266603
Sr13d	91	0.023590191335260968
Sr13d	92	0.02193067022165196
Sr13d	93	0.022211921921293953
Sr13d	94	0.02157928102758
Sr13d	95	0.02177500619051298
Sr13d	96	0.022249366127708003
Sr13d	97	0.022505885393765968
Sr13d	98	0.02252664765111201
Sr13d	99	0.022617661179891946
Sr13d	100	0.022725601321519018
Sr13d	101	0.022766679057812045
Sr13d	102	0.02276687265632904
Sr13d	103	0.02276474262054895
Sr13d	104	0.02276174478566595
Sr13d	105	0.02273238938452804
Sr13d	106	0.022709488616217022
Sr13d	107	0.022683826207595015
Sr13d	108	0.022668326054472
Sr13d	109	0.022658821141541052
Sr13d	110	0.02257688230432997
Sr13d	111	0.022381867515303022
Sr13d	112	0.022264725113683048
Sr13d	113	0.022298335911669964
Sr13d	114	0.02135182860048901
Sr13d	115	0.020868919487693982
Sr13d	116	0.022460843733115965
Sr13d	117	0.026444478753001044
Sr13d	118	0.02532536676216801
Sr13d	119	0.03195464293696704
Sr13d	120	0.06267797246252005
Sr13d	121	0.07106203665614197
Sr13d	122	0.10407336597305406
Sr13d	123	0.26271170146482803
Sr13d	124	0.675875878524131
Sr13d	125	0.739845072198454
Sr13d	126	0.806940054958201
Sr13d	127	0.882878511549181
Sr13d	128	0.887978727151246
Sr13d	129	0.8960435855486291
Sr13d	130	0.9087915524694969
Sr13d	131	0.908855649099903
Sr13d	132	0.843256800372589
Sr13d	133	0.795073920489905
Sr13d	134	0.740462573031226
Sr13d	135	0.290700374760162
Sr13d	136	0.12540721322842596
Sr13d	137	0.08644348305313698
Sr13d	138	0.07363964416175695
Sr13d	139	0.035403651376055945
Sr13d	140	0.026643015451631946
Sr13d	141	0.025806808351348964
Sr13d	142	0.023202425535362003
Sr13d	143	0.022038485946609954
Sr13d	144	0.022397228309521955
Sr13d	145	0.02285003541594499
Sr13d	146	0.022679943209691023
Sr13d	147	0.022623883940643963
Sr13d	148	0.02268598537274602
Sr13d	149	0.022719143830732036
Sr13d	150	0.02270049777171601
Sr13d	151	0.022697713821478005
Sr13d	152	0.022704152861179994
Sr13d	153	0.022705763745776042
Sr13d	154	0.022703590137315044
Sr13d	155	0.022703082789054974
Sr13d	156	0.022703686788998034
Sr13d	157	0.02270454020665702
Sr13d	158	0.02270635117534503
Sr13d	159	0.02270757467082496
Sr13d	160	0.022708182515860043
Sr13d	161	0.022706159877532994
Sr13d	162	0.022707126748586992
Sr13d	163	0.022708070454824036
Sr13d	164	0.02270620541055901
Sr13d	165	0.022706027896118974
Sr13d	166	0.022707283037287973
Sr13d	167	0.022707485475876976
Sr13d	168	0.022706271438878045
Sr13d	169	0.022710198120676983
Sr13d	170	0.022709104770079036
Sr13d	171	0.022706538209828042
Sr13d	172	0.022711271654567988
Sr13d	173	0.022711129326659973
Sr13d	174	0.022702446052099035
Sr13d	175	0.022701677917967955
Sr13d	176	0.022704489221170965
Sr13d	177	0.022692636748853023
Sr13d	178	0.02267792660039103
Sr13d	179	0.02266690359826995
Sr13d	180	0.022627145919182023
Sr13d	181	0.022530009233386994
Sr13d	182	0.022402418245510036
Sr13d	183	0.022217213335059993
Sr13d	184	0.021778971196610986
Sr13d	185	0.020830488497319055
Sr13d	186	0.019502404206581003
Sr13d	187	0.01744319704531505
Sr13d	188	0.011584973859282033
Sr13d	189	0.010248075637462994
Sr13d	190	0.015150933629636043
Sr13d	191	0.030128119132414977
Sr13d	192	0.09372940990794298
Sr13d	193	0.44997249491147495
